ticker,name,sector,industry,city,country,exchange
maersk,A.P. Moller-Maersk Group,Transportation,Marine,Copenhagen,Denmark,FALSE
msc,Mediterranean Shipping Company S.A.,Transportation,Marine,Geneva,Switzerland,FALSE
cosco,China COSCO,Transportation,Marine,Beijing,People's Republic of China,FALSE
cma,CMA CGM Group,Transportation,Marine,Marseille,France,FALSE
hlag.de,Hapag-Lloyd,Transportation,Marine,Hamburg,Germany,TRUE
one,ONE (Ocean Network Express),Transportation,Marine,Singapore,Singapore,FALSE
2603.TW,Evergreen Marine Corporation,Transportation,Marine,Taoyuan City,Taiwan,TRUE
2609.TW,Yang Ming Marine Transport Corporation,Transportation,Marine,Keelung City,Taiwan,TRUE
pil,PIL (Pacific International Lines),Transportation,Marine,Singapore,Singapore,FALSE
011200.KS,Hyundai Merchant Transportation,Transportation,Marine,Seoul,South Korea,TRUE
zim,ZIM Integrated Shipping Services,Transportation,Marine,Haifa,Israel,FALSE
2615.TW,Wan Hai Lines,Transportation,Marine,Taipei,Taiwan,TRUE
fro,Frontline,Transportation,Marine,Hamilton,Bermuda,TRUE
nat,Nordic American Tankers Limited,Transportation,Marine,Hamilton,Bermuda,TRUE
sfl,SFL Corporation Ltd,Transportation,Marine,Hamilton,Bermuda,TRUE
dsc,Diana Shipping Inc.,Transportation,Marine,Athens,Greece,TRUE
tk,Teekay Corporation,Transportation,Marine,Hamilton,Bermuda,TRUE
tnp,Tsakos Energy Navigation Ltd,Transportation,Marine,Athens,Greece,TRUE
osg,Overseas Shipholding Group Inc,Transportation,Marine,Tampa,United States,TRUE
AEM.TO,Agnico Eagle Mines Limited,Basic Materials,Basic Materials,Toronto,Canada,TSX
AQN.TO,Algonquin Power & Utilities Corp.,Utilities,Utilities,Toronto,Canada,TSX
ATD.TO,Alimentation Couche-Tard Inc.,Consumer Defensive,Consumer Defensive,Toronto,Canada,TSX
BCE.TO,BCE Inc.,Communication Services,Communication Services,Toronto,Canada,TSX
BMO.TO,Bank of Montreal,Financial Services,Banks,Toronto,Canada,TSX
BNS.TO,Bank of Nova Scotia,Financial Services,Banks,Toronto,Canada,TSX
ABX.TO,Barrick Gold Corporation,Basic Materials,Basic Materials,Toronto,Canada,TSX
BAM.A.TO,Brookfield Asset Management Inc.,Financial Services,Financial Services,Toronto,Canada,TSX
BIP-UN.TO,Brookfield Infrastructure Partners L.P.,Utilities,Utilities,Toronto,Canada,TSX
CAE.TO,CAE Inc.,Industrials,Industrials,Toronto,Canada,TSX
CNR.TO,Canadian National Railway Company,Industrials,Industrials,Toronto,Canada,TSX
CCO.TO,Cameco Corporation,Basic Materials,Basic Materials,Toronto,Canada,TSX
CAR-UN.TO,Canadian Apartment Properties Real Estate Investment Trust,Real Estate,Real Estate,Toronto,Canada,TSX
CM.TO,Canadian Imperial Bank of Commerce,Financial Services,Banks,Toronto,Canada,TSX
CNR.TO,Canadian National Railway Company,Industrials,Industrials,Toronto,Canada,TSX
CNQ.TO,Canadian Natural Resources Limited,Energy,Energy,Toronto,Canada,TSX
CP.TO,Canadian Pacific Railway Limited,Industrials,Industrials,Toronto,Canada,TSX
CTC-A.TO,Canadian Tire Corporation Limited,Consumer Cyclical,Consumer Cyclical,Toronto,Canada,TSX
CCL-B.TO,CCL Industries Inc.,Consumer Cyclical,Consumer Cyclical,Toronto,Canada,TSX
CVE.TO,Cenovus Energy Inc.,Energy,Energy,Toronto,Canada,TSX
GIB-A.TO,CGI Inc.,Technology,Technology,Toronto,Canada,TSX
CSU.TO,Constellation Software Inc.,Technology,Technology,Toronto,Canada,TSX
DOL.TO,Dollarama Inc.,Consumer Defensive,Consumer Defensive,Toronto,Canada,TSX
EMA.TO,Emera Incorporated,Utilities,Utilities,Toronto,Canada,TSX
ENB.TO,Enbridge Inc.,Energy,Energy,Toronto,Canada,TSX
FM.TO,First Quantum Minerals Ltd.,Basic Materials,Basic Materials,Toronto,Canada,TSX
FSV.TO,FirstService Corporation,Real Estate,Real Estate,Toronto,Canada,TSX
FTS.TO,Fortis Inc.,Utilities,Utilities,Toronto,Canada,TSX
FNV.TO,Franco-Nevada Corporation,Basic Materials,Basic Materials,Toronto,Canada,TSX
WN.TO,George Weston Limited,Consumer Defensive,Consumer Defensive,Toronto,Canada,TSX
GIL.TO,Gildan Activewear Inc.,Consumer Cyclical,Consumer Cyclical,Toronto,Canada,TSX
IMO.TO,Imperial Oil Limited,Energy,Energy,Toronto,Canada,TSX
IFC.To,Intact Financial Corporation,Financial Services,Financial Services,Toronto,Canada,TSX
H.TO,Hydro One Limited,Utilities,Utilities,Toronto,Canada,TSX
K.TO,Kinross Gold Corporation,Basic Materials,Basic Materials,Toronto,Canada,TSX
L.TO,Loblaw Companies Limited,Consumer Defensive,Consumer Defensive,Toronto,Canada,TSX
MG.TO,Magna International Inc.,Consumer Cyclical,Consumer Cyclical,Toronto,Canada,TSX
MFC.TO,Manulife Financial Corporation,Financial Services,Financial Services,Toronto,Canada,TSX
MRU.TO,Metro Inc.,Consumer Defensive,Consumer Defensive,Toronto,Canada,TSX
NA.TO,National Bank of Canada,Financial Services,Banks,Toronto,Canada,TSX
NTR.TO,Nutrien Ltd.,Basic Materials,Basic Materials,Toronto,Canada,TSX
OTEX.TO,Open Text Corporation,Technology,Technology,Toronto,Canada,TSX
PPL.TO,Pembina Pipeline Corporation,Energy,Energy,Toronto,Canada,TSX
POW.TO,Power Corporation of Canada,Financial Services,Financial Services,Toronto,Canada,TSX
QSR.TO,Restaurant Brands International Inc.,Consumer Cyclical,Consumer Cyclical,Toronto,Canada,TSX
RCI-B.TO,Rogers Communications Inc.,Communication Services,Communication Services,Toronto,Canada,TSX
RY.TO,Royal Bank of Canada,Financial Services,Banks,Toronto,Canada,TSX
SAP.TO,Saputo Inc.,Dairy Products,Dairy Products,Toronto,Canada,TSX
SJR-B.TO,Shaw Communications Inc.,Communication Services,Communication Services,Toronto,Canada,TSX
SHOP.TO,Shopify Inc.,Technology,Technology,Toronto,Canada,TSX
SNC.TO,SNC-Lavalin Group Inc.,Industrials,Industrials,Toronto,Canada,TSX
SLF.TO,Sun Life Financial Inc.,Financial Services,Insurance,Toronto,Canada,TSX
SU.TO,Suncor Energy Inc.,Energy,Energy,Toronto,Canada,TSX
TRP.TO,TC Energy Corporation,Energy,Energy,Toronto,Canada,TSX
TECK-B.TO,Teck Resources Limited,Basic Materials,Basic Materials,Toronto,Canada,TSX
T.TO,Telus Corporation,Communication Services,Communication Services,Toronto,Canada,TSX
TRI.TO,Thomson Reuters Corporation,Financial Services,Financial Services,Toronto,Canada,TSX
TD.TO,Toronto-Dominion Bank,Financial Services,Banks,Toronto,Canada,TSX
TOU.To,Tourmaline Oil Corp.,Energy,Energy,Toronto,Canada,TSX
WCN.TO,Waste Connections Inc.,Industrials,Industrials,Toronto,Canada,TSX
WPM.TO,Wheaton Precious Metals Corp.,Basic Materials,Basic Materials,Toronto,Canada,TSX
MMM,3M,Industrials,Industrial Conglomerates,"Saint Paul, Minnesota",United States,NYSE
AOS,A. O. Smith,Industrials,Building Products,"Milwaukee, Wisconsin",United States,NYSE
ABT,Abbott,Health Care,Health Care Equipment,"North Chicago, Illinois",United States,NYSE
ABBV,AbbVie,Health Care,Pharmaceuticals,"North Chicago, Illinois",United States,NYSE
ACN,Accenture,Information Technology,IT Consulting & Other Services,"Dublin, Ireland",United States,NYSE
ATVI,Activision Blizzard,Communication Services,Interactive Home Entertainment,"Santa Monica, California",United States,NYSE
ADM,ADM,Consumer Staples,Agricultural Products,"Chicago, Illinois",United States,NYSE
ADBE,Adobe Inc.,Information Technology,Application Software,"San Jose, California",United States,NYSE
ADP,ADP,Information Technology,Data Processing & Outsourced Services,"Roseland, New Jersey",United States,NYSE
AAP,Advance Auto Parts,Consumer Discretionary,Automotive Retail,"Raleigh, North Carolina",United States,NYSE
AES,AES Corporation,Utilities,Independent Power Producers & Energy Traders,"Arlington, Virginia",United States,NYSE
AFL,Aflac,Financials,Life & Health Insurance,"Columbus, Georgia",United States,NYSE
A,Agilent Technologies,Health Care,Health Care Equipment,"Santa Clara, California",United States,NYSE
APD,Air Products and Chemicals,Materials,Industrial Gases,"Allentown, Pennsylvania",United States,NYSE
AKAM,Akamai,Information Technology,Internet Services & Infrastructure,"Cambridge, Massachusetts",United States,NYSE
ALK,Alaska Air Group,Industrials,Airlines,"SeaTac, Washington",United States,NYSE
ALB,Albemarle Corporation,Materials,Specialty Chemicals,"Charlotte, North Carolina",United States,NYSE
ARE,Alexandria Real Estate Equities,Real Estate,Office REITs,"Pasadena, California",United States,NYSE
ALGN,Align Technology,Health Care,Health Care Supplies,"Tempe, Arizona",United States,NYSE
ALLE,Allegion,Industrials,Building Products,"New York City, New York",United States,NYSE
LNT,Alliant Energy,Utilities,Electric Utilities,"Madison, Wisconsin",United States,NYSE
ALL,Allstate,Financials,Property & Casualty Insurance,"Northfield Township, Illinois",United States,NYSE
GOOGL,Alphabet Inc. (Class A),Communication Services,Interactive Media & Services,"Mountain View, California",United States,NYSE
GOOG,Alphabet Inc. (Class C),Communication Services,Interactive Media & Services,"Mountain View, California",United States,NYSE
MO,Altria,Consumer Staples,Tobacco,"Richmond, Virginia",United States,NYSE
AMZN,Amazon,Consumer Discretionary,Internet & Direct Marketing Retail,"Seattle, Washington",United States,NYSE
AMCR,Amcor,Materials,Paper Packaging,"Warmley, Bristol, United Kingdom",United States,NYSE
AMD,AMD,Information Technology,Semiconductors,"Santa Clara, California",United States,NYSE
AEE,Ameren,Utilities,Multi-Utilities,"St. Louis, Missouri",United States,NYSE
AAL,American Airlines Group,Industrials,Airlines,"Fort Worth, Texas",United States,NYSE
AEP,American Electric Power,Utilities,Electric Utilities,"Columbus, Ohio",United States,NYSE
AXP,American Express,Financials,Consumer Finance,"New York City, New York",United States,NYSE
AIG,American International Group,Financials,Property & Casualty Insurance,"New York City, New York",United States,NYSE
AMT,American Tower,Real Estate,Specialized REITs,"Boston, Massachusetts",United States,NYSE
AWK,American Water Works,Utilities,Water Utilities,"Camden, New Jersey",United States,NYSE
AMP,Ameriprise Financial,Financials,Asset Management & Custody Banks,"Minneapolis, Minnesota",United States,NYSE
ABC,AmerisourceBergen,Health Care,Health Care Distributors,"Conshohocken, Pennsylvania",United States,NYSE
AME,Ametek,Industrials,Electrical Components & Equipment,"Berwyn, Pennsylvania",United States,NYSE
AMGN,Amgen,Health Care,Biotechnology,"Thousand Oaks, California",United States,NYSE
APH,Amphenol,Information Technology,Electronic Components,"Wallingford, Connecticut",United States,NYSE
ADI,Analog Devices,Information Technology,Semiconductors,"Wilmington, Massachusetts",United States,NYSE
ANSS,Ansys,Information Technology,Application Software,"Canonsburg, Pennsylvania",United States,NYSE
AON,Aon,Financials,Insurance Brokers,"London, UK",United States,NYSE
APA,APA Corporation,Energy,Oil & Gas Exploration & Production,"Houston, Texas",United States,NYSE
AAPL,Apple Inc.,Information Technology,"Technology Hardware, Storage & Peripherals","Cupertino, California",United States,NYSE
AMAT,Applied Materials,Information Technology,Semiconductor Equipment,"Santa Clara, California",United States,NYSE
APTV,Aptiv,Consumer Discretionary,Auto Parts & Equipment,"Dublin, Ireland",United States,NYSE
ACGL,Arch Capital Group,Financials,Reinsurance,"Hamilton, Bermuda",United States,NYSE
ANET,Arista Networks,Information Technology,Communications Equipment,"Santa Clara, California",United States,NYSE
AJG,Arthur J. Gallagher & Co.,Financials,Insurance Brokers,"Rolling Meadows, Illinois",United States,NYSE
AIZ,Assurant,Financials,Multi-line Insurance,"New York City, New York",United States,NYSE
T,AT&T,Communication Services,Integrated Telecommunication Services,"Dallas, Texas",United States,NYSE
ATO,Atmos Energy,Utilities,Gas Utilities,"Dallas, Texas",United States,NYSE
ADSK,Autodesk,Information Technology,Application Software,"San Francisco, California",United States,NYSE
AZO,AutoZone,Consumer Discretionary,Specialty Stores,"Memphis, Tennessee",United States,NYSE
AVB,AvalonBay Communities,Real Estate,Residential REITs,"Arlington, Virginia",United States,NYSE
AVY,Avery Dennison,Materials,Paper Packaging,"Glendale, California",United States,NYSE
BKR,Baker Hughes,Energy,Oil & Gas Equipment & Services,"Houston, Texas",United States,NYSE
BALL,Ball Corporation,Materials,Metal & Glass Containers,"Broomfield, Colorado",United States,NYSE
BAC,Bank of America,Financials,Diversified Banks,"Charlotte, North Carolina",United States,NYSE
BBWI,"Bath & Body Works, Inc.",Consumer Discretionary,Specialty Stores,"Columbus, Ohio",United States,NYSE
BAX,Baxter International,Health Care,Health Care Equipment,"Deerfield, Illinois",United States,NYSE
BDX,Becton Dickinson,Health Care,Health Care Equipment,"Franklin Lakes, New Jersey",United States,NYSE
WRB,Berkley,Financials,Property & Casualty Insurance,"Greenwich, Connecticut",United States,NYSE
BRK.B,Berkshire Hathaway,Financials,Multi-Sector Holdings,"Omaha, Nebraska",United States,NYSE
BBY,Best Buy,Consumer Discretionary,Computer & Electronics Retail,"Richfield, Minnesota",United States,NYSE
BIO,Bio-Rad,Health Care,Life Sciences Tools & Services,"Hercules, California",United States,NYSE
TECH,Bio-Techne,Health Care,Life Sciences Tools & Services,"Minneapolis, Minnesota",United States,NYSE
BIIB,Biogen,Health Care,Biotechnology,"Cambridge, Massachusetts",United States,NYSE
BLK,BlackRock,Financials,Asset Management & Custody Banks,"New York City, New York",United States,NYSE
BK,BNY Mellon,Financials,Asset Management & Custody Banks,"New York City, New York",United States,NYSE
BA,Boeing,Industrials,Aerospace & Defense,"Chicago, Illinois",United States,NYSE
BKNG,Booking Holdings,Consumer Discretionary,Internet & Direct Marketing Retail,"Norwalk, Connecticut",United States,NYSE
BWA,BorgWarner,Consumer Discretionary,Auto Parts & Equipment,"Auburn Hills, Michigan",United States,NYSE
BXP,Boston Properties,Real Estate,Office REITs,"Boston, Massachusetts",United States,NYSE
BSX,Boston Scientific,Health Care,Health Care Equipment,"Marlborough, Massachusetts",United States,NYSE
BMY,Bristol Myers Squibb,Health Care,Health Care Distributors,"New York City, New York",United States,NYSE
AVGO,Broadcom Inc.,Information Technology,Semiconductors,"San Jose, California",United States,NYSE
BR,Broadridge Financial Solutions,Information Technology,Data Processing & Outsourced Services,"Lake Success, New York",United States,NYSE
BRO,Brown & Brown,Financials,Insurance Brokers,"Daytona Beach, Florida",United States,NYSE
BF.B,Brown–Forman,Consumer Staples,Distillers & Vintners,"Louisville, Kentucky",United States,NYSE
CHRW,C.H. Robinson,Industrials,Air Freight & Logistics,"Eden Prairie, Minnesota",United States,NYSE
CDNS,Cadence Design Systems,Information Technology,Application Software,"San Jose, California",United States,NYSE
CZR,Caesars Entertainment,Consumer Discretionary,Casinos & Gaming,"Reno, Nevada",United States,NYSE
CPT,Camden Property Trust,Real Estate,Residential REITs,"Houston, Texas",United States,NYSE
CPB,Campbell Soup Company,Consumer Staples,Packaged Foods & Meats,"Camden, New Jersey",United States,NYSE
COF,Capital One,Financials,Consumer Finance,"Tysons Corner, Virginia",United States,NYSE
CAH,Cardinal Health,Health Care,Health Care Distributors,"Dublin, Ohio",United States,NYSE
KMX,CarMax,Consumer Discretionary,Automotive Retail,"Richmond, Virginia",United States,NYSE
CCL,Carnival,Consumer Discretionary,"Hotels, Resorts & Cruise Lines","Miami, Florida",United States,NYSE
CARR,Carrier Global,Industrials,Building Products,"Palm Beach Gardens, Florida",United States,NYSE
CTLT,Catalent,Health Care,Pharmaceuticals,"Somerset, New Jersey",United States,NYSE
CAT,Caterpillar Inc.,Industrials,Construction Machinery & Heavy Trucks,"Irving, Texas",United States,NYSE
CBOE,Cboe Global Markets,Financials,Financial Exchanges & Data,"Chicago, Illinois",United States,NYSE
CBRE,CBRE Group,Real Estate,Real Estate Services,"Dallas, Texas",United States,NYSE
CDW,CDW,Information Technology,Technology Distributors,"Lincolnshire, Illinois",United States,NYSE
CE,Celanese,Materials,Specialty Chemicals,"Irving, Texas",United States,NYSE
CNC,Centene Corporation,Health Care,Managed Health Care,"St. Louis, Missouri",United States,NYSE
CNP,CenterPoint Energy,Utilities,Multi-Utilities,"Houston, Texas",United States,NYSE
CDAY,Ceridian,Information Technology,Application Software,"Minneapolis, Minnesota",United States,NYSE
CF,CF Industries,Materials,Fertilizers & Agricultural Chemicals,"Deerfield, Illinois",United States,NYSE
CRL,Charles River Laboratories,Health Care,Life Sciences Tools & Services,"Wilmington, Massachusetts",United States,NYSE
SCHW,Charles Schwab Corporation,Financials,Investment Banking & Brokerage,"Westlake, Texas",United States,NYSE
CHTR,Charter Communications,Communication Services,Cable & Satellite,"Stamford, Connecticut",United States,NYSE
CVX,Chevron Corporation,Energy,Integrated Oil & Gas,"San Ramon, California",United States,NYSE
CMG,Chipotle Mexican Grill,Consumer Discretionary,Restaurants,"Newport Beach, California",United States,NYSE
CB,Chubb Limited,Financials,Property & Casualty Insurance,"Zurich, Switzerland",United States,NYSE
CHD,Church & Dwight,Consumer Staples,Household Products,"Ewing, New Jersey",United States,NYSE
CI,Cigna,Health Care,Managed Health Care,"Bloomfield, Connecticut",United States,NYSE
CINF,Cincinnati Financial,Financials,Property & Casualty Insurance,"Fairfield, Ohio",United States,NYSE
CTAS,Cintas,Industrials,Diversified Support Services,"Mason, Ohio",United States,NYSE
CSCO,Cisco,Information Technology,Communications Equipment,"San Jose, California",United States,NYSE
C,Citigroup,Financials,Diversified Banks,"New York City, New York",United States,NYSE
CFG,Citizens Financial Group,Financials,Regional Banks,"Providence, Rhode Island",United States,NYSE
CLX,Clorox,Consumer Staples,Household Products,"Oakland, California",United States,NYSE
CME,CME Group,Financials,Financial Exchanges & Data,"Chicago, Illinois",United States,NYSE
CMS,CMS Energy,Utilities,Multi-Utilities,"Jackson, Michigan",United States,NYSE
KO,The Coca-Cola Company,Consumer Staples,Soft Drinks,"Atlanta, Georgia",United States,NYSE
CTSH,Cognizant,Information Technology,IT Consulting & Other Services,"Teaneck, New Jersey",United States,NYSE
CL,Colgate-Palmolive,Consumer Staples,Household Products,"New York City, New York",United States,NYSE
CMCSA,Comcast,Communication Services,Cable & Satellite,"Philadelphia, Pennsylvania",United States,NYSE
CMA,Comerica,Financials,Diversified Banks,"Dallas, Texas",United States,NYSE
CAG,Conagra Brands,Consumer Staples,Packaged Foods & Meats,"Chicago, Illinois",United States,NYSE
COP,ConocoPhillips,Energy,Oil & Gas Exploration & Production,"Houston, Texas",United States,NYSE
ED,Consolidated Edison,Utilities,Electric Utilities,"New York City, New York",United States,NYSE
STZ,Constellation Brands,Consumer Staples,Distillers & Vintners,"Victor, New York",United States,NYSE
CEG,Constellation Energy,Utilities,Multi-Utilities,"Baltimore, Maryland",United States,NYSE
COO,CooperCompanies,Health Care,Health Care Supplies,"San Ramon, California",United States,NYSE
CPRT,Copart,Industrials,Diversified Support Services,"Dallas, Texas",United States,NYSE
GLW,Corning Inc.,Information Technology,Electronic Components,"Corning, New York",United States,NYSE
CTVA,Corteva,Materials,Fertilizers & Agricultural Chemicals,"Indianapolis, Indiana",United States,NYSE
CSGP,CoStar Group,Industrials,Research & Consulting Services,"Washington, D.C.",United States,NYSE
COST,Costco,Consumer Staples,Hypermarkets & Super Centers,"Issaquah, Washington",United States,NYSE
CTRA,Coterra,Energy,Oil & Gas Exploration & Production,"Houston, Texas",United States,NYSE
CCI,Crown Castle,Real Estate,Specialized REITs,"Houston, Texas",United States,NYSE
CSX,CSX,Industrials,Railroads,"Jacksonville, Florida",United States,NYSE
CMI,Cummins,Industrials,Industrial Machinery,"Columbus, Indiana",United States,NYSE
CVS,CVS Health,Health Care,Health Care Services,"Woonsocket, Rhode Island",United States,NYSE
DHI,D.R. Horton,Consumer Discretionary,Homebuilding,"Arlington, Texas",United States,NYSE
DHR,Danaher Corporation,Health Care,Health Care Equipment,"Washington, D.C.",United States,NYSE
DRI,Darden Restaurants,Consumer Discretionary,Restaurants,"Orlando, Florida",United States,NYSE
DVA,DaVita Inc.,Health Care,Health Care Facilities,"Denver, Colorado",United States,NYSE
DE,John Deere,Industrials,Agricultural & Farm Machinery,"Moline, Illinois",United States,NYSE
DAL,Delta Air Lines,Industrials,Airlines,"Atlanta, Georgia",United States,NYSE
XRAY,Dentsply Sirona,Health Care,Health Care Supplies,"Charlotte, North Carolina",United States,NYSE
DVN,Devon Energy,Energy,Oil & Gas Exploration & Production,"Oklahoma City, Oklahoma",United States,NYSE
DXCM,Dexcom,Health Care,Health Care Equipment,"San Diego, California",United States,NYSE
FANG,Diamondback Energy,Energy,Oil & Gas Exploration & Production,"Midland, Texas",United States,NYSE
DLR,Digital Realty,Real Estate,Specialized REITs,"Austin, Texas",United States,NYSE
DFS,Discover Financial,Financials,Consumer Finance,"Riverwoods, Illinois",United States,NYSE
DISH,Dish Network,Communication Services,Cable & Satellite,"Meridian, Colorado",United States,NYSE
DIS,Disney,Communication Services,Movies & Entertainment,"Burbank, California",United States,NYSE
DG,Dollar General,Consumer Discretionary,General Merchandise Stores,"Goodlettsville, Tennessee",United States,NYSE
DLTR,Dollar Tree,Consumer Discretionary,General Merchandise Stores,"Chesapeake, Virginia",United States,NYSE
D,Dominion Energy,Utilities,Electric Utilities,"Richmond, Virginia",United States,NYSE
DPZ,Domino's,Consumer Discretionary,Restaurants,"Ann Arbor, Michigan",United States,NYSE
DOV,Dover Corporation,Industrials,Industrial Machinery,"Downers Grove, Illinois",United States,NYSE
DOW,Dow Inc.,Materials,Commodity Chemicals,"Midland, Michigan",United States,NYSE
DTE,DTE Energy,Utilities,Multi-Utilities,"Detroit, Michigan",United States,NYSE
DUK,Duke Energy,Utilities,Electric Utilities,"Charlotte, North Carolina",United States,NYSE
DD,DuPont,Materials,Specialty Chemicals,"Wilmington, Delaware",United States,NYSE
DXC,DXC Technology,Information Technology,IT Consulting & Other Services,"Tysons Corner, Virginia",United States,NYSE
EMN,Eastman Chemical Company,Materials,Diversified Chemicals,"Kingsport, Tennessee",United States,NYSE
ETN,Eaton Corporation,Industrials,Electrical Components & Equipment,"Dublin, Ireland",United States,NYSE
EBAY,eBay,Consumer Discretionary,Internet & Direct Marketing Retail,"San Jose, California",United States,NYSE
ECL,Ecolab,Materials,Specialty Chemicals,"Saint Paul, Minnesota",United States,NYSE
EIX,Edison International,Utilities,Electric Utilities,"Rosemead, California",United States,NYSE
EW,Edwards Lifesciences,Health Care,Health Care Equipment,"Irvine, California",United States,NYSE
EA,Electronic Arts,Communication Services,Interactive Home Entertainment,"Redwood City, California",United States,NYSE
ELV,Elevance Health,Health Care,Managed Health Care,"Indianapolis, Indiana",United States,NYSE
LLY,Eli Lilly and Company,Health Care,Pharmaceuticals,"Indianapolis, Indiana",United States,NYSE
EMR,Emerson Electric,Industrials,Electrical Components & Equipment,"Ferguson, Missouri",United States,NYSE
ENPH,Enphase,Information Technology,Electronic Components,"Fremont, California",United States,NYSE
ETR,Entergy,Utilities,Electric Utilities,"New Orleans, Louisiana",United States,NYSE
EOG,EOG Resources,Energy,Oil & Gas Exploration & Production,"Houston, Texas",United States,NYSE
EPAM,EPAM Systems,Information Technology,IT Consulting & Other Services,"Newtown, Pennsylvania",United States,NYSE
EQT,EQT,Energy,Oil & Gas Exploration & Production,"Pittsburgh, Pennsylvania",United States,NYSE
EFX,Equifax,Industrials,Research & Consulting Services,"Atlanta, Georgia",United States,NYSE
EQIX,Equinix,Real Estate,Specialized REITs,"Redwood City, California",United States,NYSE
EQR,Equity Residential,Real Estate,Residential REITs,"Chicago, Illinois",United States,NYSE
ESS,Essex Property Trust,Real Estate,Residential REITs,"San Mateo, California",United States,NYSE
EL,The Estée Lauder Companies,Consumer Staples,Personal Products,"New York City, New York",United States,NYSE
ETSY,Etsy,Consumer Discretionary,Internet & Direct Marketing Retail,"New York City, New York",United States,NYSE
RE,Everest Re,Financials,Reinsurance,"Hamilton, Bermuda",United States,NYSE
EVRG,Evergy,Utilities,Electric Utilities,"Kansas City, Missouri",United States,NYSE
ES,Eversource,Utilities,Multi-Utilities,"Hartford, Connecticut",United States,NYSE
EXC,Exelon,Utilities,Multi-Utilities,"Chicago, Illinois",United States,NYSE
EXPE,Expedia Group,Consumer Discretionary,Internet & Direct Marketing Retail,"Seattle, Washington",United States,NYSE
EXPD,Expeditors International,Industrials,Air Freight & Logistics,"Seattle, Washington",United States,NYSE
EXR,Extra Space Storage,Real Estate,Specialized REITs,"Salt Lake City, Utah",United States,NYSE
XOM,ExxonMobil,Energy,Integrated Oil & Gas,"Irving, Texas",United States,NYSE
FFIV,"F5, Inc.",Information Technology,Communications Equipment,"Seattle, Washington",United States,NYSE
FDS,FactSet,Financials,Financial Exchanges & Data,"Norwalk, Connecticut",United States,NYSE
FAST,Fastenal,Industrials,Building Products,"Winona, Minnesota",United States,NYSE
FRT,Federal Realty,Real Estate,Retail REITs,"Rockville, Maryland",United States,NYSE
FDX,FedEx,Industrials,Air Freight & Logistics,"Memphis, Tennessee",United States,NYSE
FITB,Fifth Third Bank,Financials,Regional Banks,"Cincinnati, Ohio",United States,NYSE
FRC,First Republic Bank,Financials,Regional Banks,"San Francisco, California",United States,NYSE
FSLR,First Solar,Information Technology,Semiconductors,"Tempe, Arizona",United States,NYSE
FE,FirstEnergy,Utilities,Electric Utilities,"Akron, Ohio",United States,NYSE
FIS,FIS,Information Technology,Data Processing & Outsourced Services,"Jacksonville, Florida",United States,NYSE
FISV,Fiserv,Information Technology,Data Processing & Outsourced Services,"Brookfield, Wisconsin",United States,NYSE
FLT,Fleetcor,Information Technology,Data Processing & Outsourced Services,"Atlanta, Georgia",United States,NYSE
FMC,FMC Corporation,Materials,Fertilizers & Agricultural Chemicals,"Philadelphia, Pennsylvania",United States,NYSE
F,Ford Motor Company,Consumer Discretionary,Automobile Manufacturers,"Dearborn, Michigan",United States,NYSE
FTNT,Fortinet,Information Technology,Systems Software,"Sunnyvale, California",United States,NYSE
FTV,Fortive,Industrials,Industrial Machinery,"Everett, Washington",United States,NYSE
FOXA,Fox Corporation (Class A),Communication Services,Movies & Entertainment,"New York City, New York",United States,NYSE
FOX,Fox Corporation (Class B),Communication Services,Movies & Entertainment,"New York City, New York",United States,NYSE
BEN,Franklin Templeton,Financials,Asset Management & Custody Banks,"San Mateo, California",United States,NYSE
FCX,Freeport-McMoRan,Materials,Copper,"Phoenix, Arizona",United States,NYSE
GRMN,Garmin,Consumer Discretionary,Consumer Electronics,"Schaffhausen, Switzerland",United States,NYSE
IT,Gartner,Information Technology,IT Consulting & Other Services,"Stamford, Connecticut",United States,NYSE
GEHC,GE HealthCare,Health Care,,"Chicago, Illinois",United States,NYSE
GEN,Gen Digital,Information Technology,Application Software,"Tempe, Arizona",United States,NYSE
GNRC,Generac,Industrials,Electrical Components & Equipment,"Waukesha, Wisconsin",United States,NYSE
GD,General Dynamics,Industrials,Aerospace & Defense,"Falls Church, Virginia",United States,NYSE
GE,General Electric,Industrials,Industrial Conglomerates,"Boston, Massachusetts",United States,NYSE
GIS,General Mills,Consumer Staples,Packaged Foods & Meats,"Golden Valley, Minnesota",United States,NYSE
GM,General Motors,Consumer Discretionary,Automobile Manufacturers,"Detroit, Michigan",United States,NYSE
GPC,Genuine Parts Company,Consumer Discretionary,Specialty Stores,"Atlanta, Georgia",United States,NYSE
GILD,Gilead Sciences,Health Care,Biotechnology,"Foster City, California",United States,NYSE
GL,Globe Life,Financials,Life & Health Insurance,"McKinney, Texas",United States,NYSE
GPN,Global Payments,Information Technology,Data Processing & Outsourced Services,"Atlanta, Georgia",United States,NYSE
GS,Goldman Sachs,Financials,Investment Banking & Brokerage,"New York City, New York",United States,NYSE
HAL,Halliburton,Energy,Oil & Gas Equipment & Services,"Houston, Texas",United States,NYSE
HIG,Hartford (The),Financials,Property & Casualty Insurance,"Hartford, Connecticut",United States,NYSE
HAS,Hasbro,Consumer Discretionary,Leisure Products,"Pawtucket, Rhode Island",United States,NYSE
HCA,HCA Healthcare,Health Care,Health Care Facilities,"Nashville, Tennessee",United States,NYSE
PEAK,Healthpeak,Real Estate,Health Care REITs,"Long Beach, California",United States,NYSE
HSIC,Henry Schein,Health Care,Health Care Distributors,"Melville, New York",United States,NYSE
HSY,Hershey's,Consumer Staples,Packaged Foods & Meats,"Hershey, Pennsylvania",United States,NYSE
HES,Hess Corporation,Energy,Integrated Oil & Gas,"New York City, New York",United States,NYSE
HPE,Hewlett Packard Enterprise,Information Technology,"Technology Hardware, Storage & Peripherals","Houston, Texas",United States,NYSE
HLT,Hilton Worldwide,Consumer Discretionary,"Hotels, Resorts & Cruise Lines","Tysons Corner, Virginia",United States,NYSE
HOLX,Hologic,Health Care,Health Care Equipment,"Marlborough, Massachusetts",United States,NYSE
HD,Home Depot (The),Consumer Discretionary,Home Improvement Retail,"Atlanta, Georgia",United States,NYSE
HON,Honeywell,Industrials,Industrial Conglomerates,"Charlotte, North Carolina",United States,NYSE
HRL,Hormel Foods,Consumer Staples,Packaged Foods & Meats,"Austin, Minnesota",United States,NYSE
HST,Host Hotels & Resorts,Real Estate,Hotel & Resort REITs,"Bethesda, Maryland",United States,NYSE
HWM,Howmet Aerospace,Industrials,Aerospace & Defense,"Pittsburgh, Pennsylvania",United States,NYSE
HPQ,HP Inc.,Information Technology,"Technology Hardware, Storage & Peripherals","Palo Alto, California",United States,NYSE
HUM,Humana,Health Care,Managed Health Care,"Louisville, Kentucky",United States,NYSE
HBAN,Huntington Bancshares,Financials,Regional Banks,"Columbus, Ohio; Detroit, Michigan",United States,NYSE
HII,Huntington Ingalls Industries,Industrials,Aerospace & Defense,"Newport News, Virginia",United States,NYSE
IBM,IBM,Information Technology,IT Consulting & Other Services,"Armonk, New York",United States,NYSE
IEX,IDEX Corporation,Industrials,Industrial Machinery,"Lake Forest, Illinois",United States,NYSE
IDXX,Idexx Laboratories,Health Care,Health Care Equipment,"Westbrook, Maine",United States,NYSE
ITW,Illinois Tool Works,Industrials,Industrial Machinery,"Glenview, Illinois",United States,NYSE
ILMN,Illumina,Health Care,Life Sciences Tools & Services,"San Diego, California",United States,NYSE
INCY,Incyte,Health Care,Biotechnology,"Wilmington, Delaware",United States,NYSE
IR,Ingersoll Rand,Industrials,Industrial Machinery,"Davidson, North Carolina",United States,NYSE
INTC,Intel,Information Technology,Semiconductors,"Santa Clara, California",United States,NYSE
ICE,Intercontinental Exchange,Financials,Financial Exchanges & Data,"Atlanta, Georgia",United States,NYSE
IP,International Paper,Materials,Paper Packaging,"Memphis, Tennessee",United States,NYSE
IPG,The Interpublic Group of Companies,Communication Services,Advertising,"New York City, New York",United States,NYSE
IFF,International Flavors & Fragrances,Materials,Specialty Chemicals,"New York City, New York",United States,NYSE
INTU,Intuit,Information Technology,Application Software,"Mountain View, California",United States,NYSE
ISRG,Intuitive Surgical,Health Care,Health Care Equipment,"Sunnyvale, California",United States,NYSE
IVZ,Invesco,Financials,Asset Management & Custody Banks,"Atlanta, Georgia",United States,NYSE
INVH,Invitation Homes,Real Estate,Residential REITs,"Dallas, Texas",United States,NYSE
IQV,IQVIA,Health Care,Life Sciences Tools & Services,"Durham, North Carolina",United States,NYSE
IRM,Iron Mountain,Real Estate,Specialized REITs,"Boston, Massachusetts",United States,NYSE
JBHT,J.B. Hunt,Industrials,Trucking,"Lowell, Arkansas",United States,NYSE
JKHY,Jack Henry & Associates,Information Technology,Data Processing & Outsourced Services,"Monett, Missouri",United States,NYSE
J,Jacobs Solutions,Industrials,Construction & Engineering,"Dallas, Texas",United States,NYSE
JNJ,Johnson & Johnson,Health Care,Pharmaceuticals,"New Brunswick, New Jersey",United States,NYSE
JCI,Johnson Controls,Industrials,Building Products,"Cork, Ireland",United States,NYSE
JPM,JPMorgan Chase,Financials,Diversified Banks,"New York City, New York",United States,NYSE
JNPR,Juniper Networks,Information Technology,Communications Equipment,"Sunnyvale, California",United States,NYSE
K,Kellogg's,Consumer Staples,Packaged Foods & Meats,"Battle Creek, Michigan",United States,NYSE
KDP,Keurig Dr Pepper,Consumer Staples,Soft Drinks,"Burlington, Massachusetts",United States,NYSE
KEY,KeyCorp,Financials,Regional Banks,"Cleveland, Ohio",United States,NYSE
KEYS,Keysight,Information Technology,Electronic Equipment & Instruments,"Santa Rosa, California",United States,NYSE
KMB,Kimberly-Clark,Consumer Staples,Household Products,"Irving, Texas",United States,NYSE
KIM,Kimco Realty,Real Estate,Retail REITs,"New Hyde Park, New York",United States,NYSE
KMI,Kinder Morgan,Energy,Oil & Gas Storage & Transportation,"Houston, Texas",United States,NYSE
KLAC,KLA Corporation,Information Technology,Semiconductor Equipment,"Milpitas, California",United States,NYSE
KHC,Kraft Heinz,Consumer Staples,Packaged Foods & Meats,"Chicago, Illinois; Pittsburgh, Pennsylvania",United States,NYSE
KR,Kroger,Consumer Staples,Food Retail,"Cincinnati, Ohio",United States,NYSE
LHX,L3Harris,Industrials,Aerospace & Defense,"Melbourne, Florida",United States,NYSE
LH,LabCorp,Health Care,Health Care Services,"Burlington, North Carolina",United States,NYSE
LRCX,Lam Research,Information Technology,Semiconductor Equipment,"Fremont, California",United States,NYSE
LW,Lamb Weston,Consumer Staples,Packaged Foods & Meats,"Eagle, Idaho",United States,NYSE
LVS,Las Vegas Sands,Consumer Discretionary,Casinos & Gaming,"Las Vegas, Nevada",United States,NYSE
LDOS,Leidos,Industrials,Diversified Support Services,"Reston, Virginia",United States,NYSE
LEN,Lennar,Consumer Discretionary,Homebuilding,"Miami, Florida",United States,NYSE
LNC,Lincoln Financial,Financials,Multi-line Insurance,"Radnor, Pennsylvania",United States,NYSE
LIN,Linde plc,Materials,Industrial Gases,"Guildford, United Kingdom",United States,NYSE
LYV,Live Nation Entertainment,Communication Services,Movies & Entertainment,"Beverly Hills, California",United States,NYSE
LKQ,LKQ Corporation,Consumer Discretionary,Distributors,"Chicago, Illinois",United States,NYSE
LMT,Lockheed Martin,Industrials,Aerospace & Defense,"Bethesda, Maryland",United States,NYSE
L,Loews Corporation,Financials,Multi-line Insurance,"New York City, New York",United States,NYSE
LOW,Lowe's,Consumer Discretionary,Home Improvement Retail,"Mooresville, North Carolina",United States,NYSE
LUMN,Lumen Technologies,Communication Services,Alternative Carriers,"Monroe, Louisiana",United States,NYSE
LYB,LyondellBasell,Materials,Specialty Chemicals,"Rotterdam, Netherlands",United States,NYSE
MTB,M&T Bank,Financials,Regional Banks,"Buffalo, New York",United States,NYSE
MRO,Marathon Oil,Energy,Oil & Gas Exploration & Production,"Houston, Texas",United States,NYSE
MPC,Marathon Petroleum,Energy,Oil & Gas Refining & Marketing,"Findlay, Ohio",United States,NYSE
MKTX,MarketAxess,Financials,Financial Exchanges & Data,"New York City, New York",United States,NYSE
MAR,Marriott International,Consumer Discretionary,"Hotels, Resorts & Cruise Lines","Bethesda, Maryland",United States,NYSE
MMC,Marsh McLennan,Financials,Insurance Brokers,"New York City, New York",United States,NYSE
MLM,Martin Marietta Materials,Materials,Construction Materials,"Raleigh, North Carolina",United States,NYSE
MAS,Masco,Industrials,Building Products,"Livonia, Michigan",United States,NYSE
MA,Mastercard,Information Technology,Data Processing & Outsourced Services,"Harrison, New York",United States,NYSE
MTCH,Match Group,Communication Services,Interactive Media & Services,"Dallas, Texas",United States,NYSE
MKC,McCormick & Company,Consumer Staples,Packaged Foods & Meats,"Hunt Valley, Maryland",United States,NYSE
MCD,McDonald's,Consumer Discretionary,Restaurants,"Chicago, Illinois",United States,NYSE
MCK,McKesson,Health Care,Health Care Distributors,"Irving, Texas",United States,NYSE
MDT,Medtronic,Health Care,Health Care Equipment,"Dublin, Ireland",United States,NYSE
MRK,Merck & Co.,Health Care,Pharmaceuticals,"Kenilworth, New Jersey",United States,NYSE
META,Meta Platforms,Communication Services,Interactive Media & Services,"Menlo Park, California",United States,NYSE
MET,MetLife,Financials,Life & Health Insurance,"New York City, New York",United States,NYSE
MTD,Mettler Toledo,Health Care,Life Sciences Tools & Services,"Columbus, Ohio",United States,NYSE
MGM,MGM Resorts,Consumer Discretionary,Casinos & Gaming,"Paradise, Nevada",United States,NYSE
MCHP,Microchip Technology,Information Technology,Semiconductors,"Chandler, Arizona",United States,NYSE
MU,Micron Technology,Information Technology,Semiconductors,"Boise, Idaho",United States,NYSE
MSFT,Microsoft,Information Technology,Systems Software,"Redmond, Washington",United States,NYSE
MAA,Mid-America Apartment Communities,Real Estate,Residential REITs,"Memphis, Tennessee",United States,NYSE
MRNA,Moderna,Health Care,Biotechnology,"Cambridge, Massachusetts",United States,NYSE
MHK,Mohawk Industries,Consumer Discretionary,Home Furnishings,"Calhoun, Georgia",United States,NYSE
MOH,Molina Healthcare,Health Care,Managed Health Care,"Long Beach, California",United States,NYSE
TAP,Molson Coors Beverage Company,Consumer Staples,Brewers,"Chicago, Illinois",United States,NYSE
MDLZ,Mondelez International,Consumer Staples,Packaged Foods & Meats,"Chicago, Illinois",United States,NYSE
MPWR,Monolithic Power Systems,Information Technology,Semiconductors,"Kirkland, Washington",United States,NYSE
MNST,Monster Beverage,Consumer Staples,Soft Drinks,"Corona, California",United States,NYSE
MCO,Moody's Corporation,Financials,Financial Exchanges & Data,"New York City, New York",United States,NYSE
MS,Morgan Stanley,Financials,Investment Banking & Brokerage,"New York City, New York",United States,NYSE
MOS,The Mosaic Company,Materials,Fertilizers & Agricultural Chemicals,"Tampa, Florida",United States,NYSE
MSI,Motorola Solutions,Information Technology,Communications Equipment,"Chicago, Illinois",United States,NYSE
MSCI,MSCI,Financials,Financial Exchanges & Data,"New York City, New York",United States,NYSE
NDAQ,"Nasdaq, Inc.",Financials,Financial Exchanges & Data,"New York City, New York",United States,NYSE
NTAP,NetApp,Information Technology,"Technology Hardware, Storage & Peripherals","San Jose, California",United States,NYSE
NFLX,Netflix,Communication Services,Movies & Entertainment,"Los Gatos, California",United States,NYSE
NWL,Newell Brands,Consumer Discretionary,Housewares & Specialties,"Atlanta, Georgia",United States,NYSE
NEM,Newmont,Materials,Gold,"Denver, Colorado",United States,NYSE
NWSA,News Corp (Class A),Communication Services,Publishing,"New York City, New York",United States,NYSE
NWS,News Corp (Class B),Communication Services,Publishing,"New York City, New York",United States,NYSE
NEE,NextEra Energy,Utilities,Multi-Utilities,"Juno Beach, Florida",United States,NYSE
NKE,"Nike, Inc.",Consumer Discretionary,"Apparel, Accessories & Luxury Goods","Washington County, Oregon",United States,NYSE
NI,NiSource,Utilities,Multi-Utilities,"Merrillville, Indiana",United States,NYSE
NDSN,Nordson Corporation,Industrials,Industrial Machinery,"Westlake, Ohio",United States,NYSE
NSC,Norfolk Southern Railway,Industrials,Railroads,"Atlanta, Georgia",United States,NYSE
NTRS,Northern Trust,Financials,Asset Management & Custody Banks,"Chicago, Illinois",United States,NYSE
NOC,Northrop Grumman,Industrials,Aerospace & Defense,"West Falls Church, Virginia",United States,NYSE
NCLH,Norwegian Cruise Line Holdings,Consumer Discretionary,"Hotels, Resorts & Cruise Lines","Miami, Florida",United States,NYSE
NRG,NRG Energy,Utilities,Independent Power Producers & Energy Traders,"Houston, Texas",United States,NYSE
NUE,Nucor,Materials,Steel,"Charlotte, North Carolina",United States,NYSE
NVDA,Nvidia,Information Technology,Semiconductors,"Santa Clara, California",United States,NYSE
NVR,"NVR, Inc.",Consumer Discretionary,Homebuilding,"Reston, Virginia",United States,NYSE
NXPI,NXP Semiconductors,Information Technology,Semiconductors,"Eindhoven, Netherlands",United States,NYSE
ORLY,O'Reilly Auto Parts,Consumer Discretionary,Specialty Stores,"Springfield, Missouri",United States,NYSE
OXY,Occidental Petroleum,Energy,Oil & Gas Exploration & Production,"Houston, Texas",United States,NYSE
ODFL,Old Dominion,Industrials,Trucking,"Thomasville, North Carolina",United States,NYSE
OMC,Omnicom Group,Communication Services,Advertising,"New York City, New York",United States,NYSE
ON,ON Semiconductor,Information Technology,Semiconductors,"Phoenix, Arizona",United States,NYSE
OKE,ONEOK,Energy,Oil & Gas Storage & Transportation,"Tulsa, Oklahoma",United States,NYSE
ORCL,Oracle Corporation,Information Technology,Application Software,"Austin, Texas",United States,NYSE
OGN,Organon & Co.,Health Care,Pharmaceuticals,"Jersey City, New Jersey",United States,NYSE
OTIS,Otis Worldwide,Industrials,Industrial Machinery,"Farmington, Connecticut",United States,NYSE
PCAR,Paccar,Industrials,Construction Machinery & Heavy Trucks,"Bellevue, Washington",United States,NYSE
PKG,Packaging Corporation of America,Materials,Paper Packaging,"Lake Forest, Illinois",United States,NYSE
PARA,Paramount Global,Communication Services,Movies & Entertainment,"New York City, New York",United States,NYSE
PH,Parker Hannifin,Industrials,Industrial Machinery,"Cleveland, Ohio",United States,NYSE
PAYX,Paychex,Information Technology,Data Processing & Outsourced Services,"Penfield, New York",United States,NYSE
PAYC,Paycom,Information Technology,Application Software,"Oklahoma City, Oklahoma",United States,NYSE
PYPL,PayPal,Information Technology,Data Processing & Outsourced Services,"San Jose, California",United States,NYSE
PNR,Pentair,Industrials,Industrial Machinery,"Worsley, United Kingdom",United States,NYSE
PEP,PepsiCo,Consumer Staples,Soft Drinks,"Purchase, New York",United States,NYSE
PKI,PerkinElmer,Health Care,Health Care Equipment,"Waltham, Massachusetts",United States,NYSE
PFE,Pfizer,Health Care,Pharmaceuticals,"New York City, New York",United States,NYSE
PCG,PG&E Corporation,Utilities,Multi-Utilities,"San Francisco, California",United States,NYSE
PM,Philip Morris International,Consumer Staples,Tobacco,"New York City, New York",United States,NYSE
PSX,Phillips 66,Energy,Oil & Gas Refining & Marketing,"Houston, Texas",United States,NYSE
PNW,Pinnacle West,Utilities,Multi-Utilities,"Phoenix, Arizona",United States,NYSE
PXD,Pioneer Natural Resources,Energy,Oil & Gas Exploration & Production,"Irving, Texas",United States,NYSE
PNC,PNC Financial Services,Financials,Regional Banks,"Pittsburgh, Pennsylvania",United States,NYSE
POOL,Pool Corporation,Consumer Discretionary,Distributors,"Covington, Louisiana",United States,NYSE
PPG,PPG Industries,Materials,Specialty Chemicals,"Pittsburgh, Pennsylvania",United States,NYSE
PPL,PPL Corporation,Utilities,Electric Utilities,"Allentown, Pennsylvania",United States,NYSE
PFG,Principal Financial Group,Financials,Life & Health Insurance,"Des Moines, Iowa",United States,NYSE
PG,Procter & Gamble,Consumer Staples,Personal Products,"Cincinnati, Ohio",United States,NYSE
PGR,Progressive Corporation,Financials,Property & Casualty Insurance,"Mayfield Village, Ohio",United States,NYSE
PLD,Prologis,Real Estate,Industrial REITs,"San Francisco, California",United States,NYSE
PRU,Prudential Financial,Financials,Life & Health Insurance,"Newark, New Jersey",United States,NYSE
PEG,Public Service Enterprise Group,Utilities,Electric Utilities,"Newark, New Jersey",United States,NYSE
PTC,PTC,Information Technology,Application Software,"Boston, Massachusetts",United States,NYSE
PSA,Public Storage,Real Estate,Specialized REITs,"Glendale, California",United States,NYSE
PHM,PulteGroup,Consumer Discretionary,Homebuilding,"Atlanta, Georgia",United States,NYSE
QRVO,Qorvo,Information Technology,Semiconductors,"Greensboro, North Carolina",United States,NYSE
PWR,Quanta Services,Industrials,Construction & Engineering,"Houston, Texas",United States,NYSE
QCOM,Qualcomm,Information Technology,Semiconductors,"San Diego, California",United States,NYSE
DGX,Quest Diagnostics,Health Care,Health Care Services,"Secaucus, New Jersey",United States,NYSE
RL,Ralph Lauren Corporation,Consumer Discretionary,"Apparel, Accessories & Luxury Goods","New York City, New York",United States,NYSE
RJF,Raymond James,Financials,Investment Banking & Brokerage,"St. Petersburg, Florida",United States,NYSE
RTX,Raytheon Technologies,Industrials,Aerospace & Defense,"Waltham, Massachusetts",United States,NYSE
O,Realty Income,Real Estate,Retail REITs,"San Diego, California",United States,NYSE
REG,Regency Centers,Real Estate,Retail REITs,"Jacksonville, Florida",United States,NYSE
REGN,Regeneron,Health Care,Biotechnology,"Tarrytown, New York",United States,NYSE
RF,Regions Financial Corporation,Financials,Regional Banks,"Birmingham, Alabama",United States,NYSE
RSG,Republic Services,Industrials,Environmental & Facilities Services,"Phoenix, Arizona",United States,NYSE
RMD,ResMed,Health Care,Health Care Equipment,"San Diego, California",United States,NYSE
RHI,Robert Half,Industrials,Human Resource & Employment Services,"Menlo Park, California",United States,NYSE
ROK,Rockwell Automation,Industrials,Electrical Components & Equipment,"Milwaukee, Wisconsin",United States,NYSE
ROL,"Rollins, Inc.",Industrials,Environmental & Facilities Services,"Atlanta, Georgia",United States,NYSE
ROP,Roper Technologies,Information Technology,Electronic Equipment & Instruments,"Sarasota, Florida",United States,NYSE
ROST,Ross Stores,Consumer Discretionary,Apparel Retail,"Dublin, California",United States,NYSE
RCL,Royal Caribbean Group,Consumer Discretionary,"Hotels, Resorts & Cruise Lines","Miami, Florida",United States,NYSE
SPGI,S&P Global,Financials,Financial Exchanges & Data,"New York City, New York",United States,NYSE
CRM,Salesforce,Information Technology,Application Software,"San Francisco, California",United States,NYSE
SBAC,SBA Communications,Real Estate,Specialized REITs,"Boca Raton, Florida",United States,NYSE
SLB,Schlumberger,Energy,Oil & Gas Equipment & Services,"Curaçao, Kingdom of the Netherlands",United States,NYSE
STX,Seagate Technology,Information Technology,"Technology Hardware, Storage & Peripherals","Dublin, Ireland",United States,NYSE
SEE,Sealed Air,Materials,Paper Packaging,"Charlotte, North Carolina",United States,NYSE
SRE,Sempra Energy,Utilities,Multi-Utilities,"San Diego, California",United States,NYSE
NOW,ServiceNow,Information Technology,Systems Software,"Santa Clara, California",United States,NYSE
SHW,Sherwin-Williams,Materials,Specialty Chemicals,"Cleveland, Ohio",United States,NYSE
SBNY,Signature Bank,Financials,Regional Banks,"New York City, New York",United States,NYSE
SPG,Simon Property Group,Real Estate,Retail REITs,"Indianapolis, Indiana",United States,NYSE
SWKS,Skyworks Solutions,Information Technology,Semiconductors,"Irvine, California",United States,NYSE
SJM,The J.M. Smucker Company,Consumer Staples,Packaged Foods & Meats,"Orrville, Ohio",United States,NYSE
SNA,Snap-on,Industrials,Industrial Machinery,"Kenosha, Wisconsin",United States,NYSE
SEDG,SolarEdge,Information Technology,Semiconductor Equipment,"Herzliya, Israel",United States,NYSE
SO,Southern Company,Utilities,Electric Utilities,"Atlanta, Georgia",United States,NYSE
LUV,Southwest Airlines,Industrials,Airlines,"Dallas, Texas",United States,NYSE
SWK,Stanley Black & Decker,Industrials,Industrial Machinery,"New Britain, Connecticut",United States,NYSE
SBUX,Starbucks,Consumer Discretionary,Restaurants,"Seattle, Washington",United States,NYSE
STT,State Street Corporation,Financials,Asset Management & Custody Banks,"Boston, Massachusetts",United States,NYSE
STLD,Steel Dynamics,Materials,Steel,"Fort Wayne, Indiana",United States,NYSE
STE,Steris,Health Care,Health Care Equipment,"Dublin, Ireland",United States,NYSE
SYK,Stryker Corporation,Health Care,Health Care Equipment,"Kalamazoo, Michigan",United States,NYSE
SIVB,SVB Financial,Financials,Regional Banks,"Santa Clara, California",United States,NYSE
SYF,Synchrony Financial,Financials,Consumer Finance,"Stamford, Connecticut",United States,NYSE
SNPS,Synopsys,Information Technology,Application Software,"Mountain View, California",United States,NYSE
SYY,Sysco,Consumer Staples,Food Distributors,"Houston, Texas",United States,NYSE
TMUS,T-Mobile US,Communication Services,Wireless Telecommunication Services,"Bellevue, Washington",United States,NYSE
TROW,T. Rowe Price,Financials,Asset Management & Custody Banks,"Baltimore, Maryland",United States,NYSE
TTWO,Take-Two Interactive,Communication Services,Interactive Home Entertainment,"New York City, New York",United States,NYSE
TPR,"Tapestry, Inc.",Consumer Discretionary,"Apparel, Accessories & Luxury Goods","New York City, New York",United States,NYSE
TRGP,Targa Resources,Energy,Oil & Gas Storage & Transportation,"Houston, Texas",United States,NYSE
TGT,Target Corporation,Consumer Discretionary,General Merchandise Stores,"Minneapolis, Minnesota",United States,NYSE
TEL,TE Connectivity,Information Technology,Electronic Manufacturing Services,"Schaffhausen, Switzerland",United States,NYSE
TDY,Teledyne Technologies,Information Technology,Electronic Equipment & Instruments,"Thousand Oaks, California",United States,NYSE
TFX,Teleflex,Health Care,Health Care Equipment,"Wayne, Pennsylvania",United States,NYSE
TER,Teradyne,Information Technology,Semiconductor Equipment,"North Reading, Massachusetts",United States,NYSE
TSLA,"Tesla, Inc.",Consumer Discretionary,Automobile Manufacturers,"Austin, Texas",United States,NYSE
TXN,Texas Instruments,Information Technology,Semiconductors,"Dallas, Texas",United States,NYSE
TXT,Textron,Industrials,Aerospace & Defense,"Providence, Rhode Island",United States,NYSE
TMO,Thermo Fisher Scientific,Health Care,Life Sciences Tools & Services,"Waltham, Massachusetts",United States,NYSE
TJX,TJX Companies,Consumer Discretionary,Apparel Retail,"Framingham, Massachusetts",United States,NYSE
TSCO,Tractor Supply,Consumer Discretionary,Specialty Stores,"Brentwood, Tennessee",United States,NYSE
TT,Trane Technologies,Industrials,Building Products,"Dublin, Ireland",United States,NYSE
TDG,TransDigm Group,Industrials,Aerospace & Defense,"Cleveland, Ohio",United States,NYSE
TRV,The Travelers Companies,Financials,Property & Casualty Insurance,"New York City, New York",United States,NYSE
TRMB,Trimble Inc.,Information Technology,Electronic Equipment & Instruments,"Westminster, Colorado",United States,NYSE
TFC,Truist,Financials,Regional Banks,"Charlotte, North Carolina",United States,NYSE
TYL,Tyler Technologies,Information Technology,Application Software,"Plano, Texas",United States,NYSE
TSN,Tyson Foods,Consumer Staples,Packaged Foods & Meats,"Springdale, Arkansas",United States,NYSE
USB,U.S. Bank,Financials,Diversified Banks,"Minneapolis, Minnesota",United States,NYSE
UDR,"UDR, Inc.",Real Estate,Residential REITs,"Highlands Ranch, Colorado",United States,NYSE
ULTA,Ulta Beauty,Consumer Discretionary,Specialty Stores,"Bolingbrook, Illinois",United States,NYSE
UNP,Union Pacific Corporation,Industrials,Railroads,"Omaha, Nebraska",United States,NYSE
UAL,United Airlines Holdings,Industrials,Airlines,"Chicago, Illinois",United States,NYSE
UPS,United Parcel Service,Industrials,Air Freight & Logistics,"Sandy Springs, Georgia",United States,NYSE
URI,United Rentals,Industrials,Trading Companies & Distributors,"Stamford, Connecticut",United States,NYSE
UNH,UnitedHealth Group,Health Care,Managed Health Care,"Minnetonka, Minnesota",United States,NYSE
UHS,Universal Health Services,Health Care,Health Care Facilities,"King of Prussia, Pennsylvania",United States,NYSE
VLO,Valero Energy,Energy,Oil & Gas Refining & Marketing,"San Antonio, Texas",United States,NYSE
VTR,Ventas,Real Estate,Health Care REITs,"Chicago, Illinois",United States,NYSE
VRSN,Verisign,Information Technology,Internet Services & Infrastructure,"Dulles, Virginia",United States,NYSE
VRSK,Verisk,Industrials,Research & Consulting Services,"Jersey City, New Jersey",United States,NYSE
VZ,Verizon,Communication Services,Integrated Telecommunication Services,"New York City, New York",United States,NYSE
VRTX,Vertex Pharmaceuticals,Health Care,Biotechnology,"Cambridge, Massachusetts",United States,NYSE
VFC,VF Corporation,Consumer Discretionary,"Apparel, Accessories & Luxury Goods","Denver, Colorado",United States,NYSE
VTRS,Viatris,Health Care,Pharmaceuticals,"Pittsburgh, Pennsylvania",United States,NYSE
VICI,Vici Properties,Real Estate,Hotel & Resort REITs,"New York City, New York",United States,NYSE
V,Visa Inc.,Information Technology,Data Processing & Outsourced Services,"San Francisco, California",United States,NYSE
VMC,Vulcan Materials Company,Materials,Construction Materials,"Birmingham, Alabama",United States,NYSE
WAB,Wabtec,Industrials,Construction Machinery & Heavy Trucks,"Pittsburgh, Pennsylvania",United States,NYSE
WBA,Walgreens Boots Alliance,Consumer Staples,Drug Retail,"Deerfield, Illinois",United States,NYSE
WMT,Walmart,Consumer Staples,Hypermarkets & Super Centers,"Bentonville, Arkansas",United States,NYSE
WBD,Warner Bros. Discovery,Communication Services,Broadcasting,"New York City, New York",United States,NYSE
WM,Waste Management,Industrials,Environmental & Facilities Services,"Houston, Texas",United States,NYSE
WAT,Waters Corporation,Health Care,Health Care Distributors,"Milford, Massachusetts",United States,NYSE
WEC,WEC Energy Group,Utilities,Electric Utilities,"Milwaukee, Wisconsin",United States,NYSE
WFC,Wells Fargo,Financials,Diversified Banks,"San Francisco, California",United States,NYSE
WELL,Welltower,Real Estate,Health Care REITs,"Toledo, Ohio",United States,NYSE
WST,West Pharmaceutical Services,Health Care,Health Care Supplies,"Exton, Pennsylvania",United States,NYSE
WDC,Western Digital,Information Technology,"Technology Hardware, Storage & Peripherals","San Jose, California",United States,NYSE
WRK,WestRock,Materials,Paper Packaging,"Atlanta, Georgia",United States,NYSE
WY,Weyerhaeuser,Real Estate,Specialized REITs,"Seattle, Washington",United States,NYSE
WHR,Whirlpool Corporation,Consumer Discretionary,Household Appliances,"Benton Harbor, Michigan",United States,NYSE
WMB,Williams Companies,Energy,Oil & Gas Storage & Transportation,"Tulsa, Oklahoma",United States,NYSE
WTW,Willis Towers Watson,Financials,Insurance Brokers,"London, United Kingdom",United States,NYSE
GWW,W. W. Grainger,Industrials,Industrial Machinery,"Lake Forest, Illinois",United States,NYSE
WYNN,Wynn Resorts,Consumer Discretionary,Casinos & Gaming,"Paradise, Nevada",United States,NYSE
XEL,Xcel Energy,Utilities,Multi-Utilities,"Minneapolis, Minnesota",United States,NYSE
XYL,Xylem Inc.,Industrials,Industrial Machinery,"White Plains, New York",United States,NYSE
YUM,Yum! Brands,Consumer Discretionary,Restaurants,"Louisville, Kentucky",United States,NYSE
ZBRA,Zebra Technologies,Information Technology,Electronic Equipment & Instruments,"Lincolnshire, Illinois",United States,NYSE
ZBH,Zimmer Biomet,Health Care,Health Care Equipment,"Warsaw, Indiana",United States,NYSE
ZION,Zions Bancorporation,Financials,Regional Banks,"Salt Lake City, Utah",United States,NYSE
ZTS,Zoetis,Health Care,Pharmaceuticals,"Parsippany, New Jersey",United States,NYSE
ZION,Zions Bancorp,Financials,Regional Banks,"Salt Lake City, Utah",United States,NYSE
ZTS,Zoetis,Health Care,Pharmaceuticals,"Florham Park, New Jersey",United States,NYSE
ATVI,Activision Blizzard,Communication Services,Interactive Home Entertainment,,,NASDAQ
ADBE,Adobe Inc.,Information Technology,Application Software,,,NASDAQ
ADP,ADP,Information Technology,Data Processing & Outsourced Services,,,NASDAQ
ABNB,Airbnb,Consumer Discretionary,Internet & Direct Marketing Retail,,,NASDAQ
ALGN,Align Technology,Health Care,Health Care Supplies,,,NASDAQ
GOOGL,Alphabet Inc. (Class A),Communication Services,Interactive Media & Services,,,NASDAQ
GOOG,Alphabet Inc. (Class C),Communication Services,Interactive Media & Services,,,NASDAQ
AMZN,Amazon,Consumer Discretionary,Internet & Direct Marketing Retail,,,NASDAQ
AMD,AMD,Information Technology,Semiconductors,,,NASDAQ
AEP,American Electric Power,Utilities,Electric Utilities,,,NASDAQ
AMGN,Amgen,Health Care,Biotechnology,,,NASDAQ
ADI,Analog Devices,Information Technology,Semiconductors,,,NASDAQ
ANSS,Ansys,Information Technology,Application Software,,,NASDAQ
AAPL,Apple Inc.,Information Technology,"Technology Hardware, Storage & Peripherals",,,NASDAQ
AMAT,Applied Materials,Information Technology,Semiconductor Equipment,,,NASDAQ
ASML,ASML Holding,Information Technology,Semiconductor Equipment,,,NASDAQ
AZN,AstraZeneca,Health Care,Pharmaceuticals,,,NASDAQ
TEAM,Atlassian,Information Technology,Application Software,,,NASDAQ
ADSK,Autodesk,Information Technology,Application Software,,,NASDAQ
BKR,Baker Hughes,Energy,Oil & Gas Equipment & Services,,,NASDAQ
BIIB,Biogen,Health Care,Biotechnology,,,NASDAQ
BKNG,Booking Holdings,Consumer Discretionary,Internet & Direct Marketing Retail,,,NASDAQ
AVGO,Broadcom Inc.,Information Technology,Semiconductors,,,NASDAQ
CDNS,Cadence Design Systems,Information Technology,Application Software,,,NASDAQ
CHTR,Charter Communications,Communication Services,Cable & Satellite,,,NASDAQ
CTAS,Cintas,Industrials,Diversified Support Services,,,NASDAQ
CSCO,Cisco,Information Technology,Communications Equipment,,,NASDAQ
CTSH,Cognizant,Information Technology,IT Consulting & Other Services,,,NASDAQ
CMCSA,Comcast,Communication Services,Cable & Satellite,,,NASDAQ
CEG,Constellation Energy,Utilities,Multi-Utilities,,,NASDAQ
CPRT,Copart,Industrials,Diversified Support Services,,,NASDAQ
CSGP,CoStar Group,Industrials,Research & Consulting Services,,,NASDAQ
COST,Costco,Consumer Staples,Hypermarkets & Super Centers,,,NASDAQ
CRWD,CrowdStrike,Information Technology,Application Software,,,NASDAQ
CSX,CSX Corporation,Industrials,Railroads,,,NASDAQ
DDOG,Datadog,Information Technology,Application Software,,,NASDAQ
DXCM,DexCom,Health Care,Health Care Equipment,,,NASDAQ
FANG,Diamondback Energy,Energy,Oil & Gas Exploration & Production,,,NASDAQ
DLTR,Dollar Tree,Consumer Discretionary,General Merchandise Stores,,,NASDAQ
EBAY,eBay,Consumer Discretionary,Internet & Direct Marketing Retail,,,NASDAQ
EA,Electronic Arts,Communication Services,Interactive Home Entertainment,,,NASDAQ
ENPH,Enphase Energy,Information Technology,Electronic Components,,,NASDAQ
EXC,Exelon,Utilities,Multi-Utilities,,,NASDAQ
FAST,Fastenal,Industrials,Building Products,,,NASDAQ
FISV,Fiserv,Information Technology,Data Processing & Outsourced Services,,,NASDAQ
FTNT,Fortinet,Information Technology,Systems Software,,,NASDAQ
GILD,Gilead Sciences,Health Care,Biotechnology,,,NASDAQ
GFS,GlobalFoundries,Information Technology,Semiconductors,,,NASDAQ
HON,Honeywell,Industrials,Industrial Conglomerates,,,NASDAQ
IDXX,Idexx Laboratories,Health Care,Health Care Equipment,,,NASDAQ
ILMN,"Illumina, Inc.",Health Care,Life Sciences Tools & Services,,,NASDAQ
INTC,Intel,Information Technology,Semiconductors,,,NASDAQ
INTU,Intuit,Information Technology,Application Software,,,NASDAQ
ISRG,Intuitive Surgical,Health Care,Health Care Equipment,,,NASDAQ
JD,JD.com,Consumer Discretionary,Internet & Direct Marketing Retail,,,NASDAQ
KDP,Keurig Dr Pepper,Consumer Staples,Soft Drinks,,,NASDAQ
KLAC,KLA Corporation,Information Technology,Semiconductor Equipment,,,NASDAQ
KHC,Kraft Heinz,Consumer Staples,Packaged Foods & Meats,,,NASDAQ
LRCX,Lam Research,Information Technology,Semiconductor Equipment,,,NASDAQ
LCID,Lucid Motors,Consumer Discretionary,Automobile Manufacturers,,,NASDAQ
LULU,Lululemon,Consumer Discretionary,"Apparel, Accessories & Luxury Goods",,,NASDAQ
MAR,Marriott International,Consumer Discretionary,"Hotels, Resorts & Cruise Lines",,,NASDAQ
MRVL,Marvell Technology,Information Technology,Application Software,,,NASDAQ
MELI,MercadoLibre,Consumer Discretionary,Internet & Direct Marketing Retail,,,NASDAQ
META,Meta Platforms,Communication Services,Interactive Media & Services,,,NASDAQ
MCHP,Microchip Technology,Information Technology,Semiconductors,,,NASDAQ
MU,Micron Technology,Information Technology,Semiconductors,,,NASDAQ
MSFT,Microsoft,Information Technology,Systems Software,,,NASDAQ
MRNA,Moderna,Health Care,Biotechnology,,,NASDAQ
MDLZ,Mondelez International,Consumer Staples,Packaged Foods & Meats,,,NASDAQ
MNST,Monster Beverage,Consumer Staples,Soft Drinks,,,NASDAQ
NFLX,Netflix,Communication Services,Movies & Entertainment,,,NASDAQ
NVDA,Nvidia,Information Technology,Semiconductors,,,NASDAQ
NXPI,NXP,Information Technology,Semiconductors,,,NASDAQ
ORLY,O'Reilly Automotive,Consumer Discretionary,Specialty Stores,,,NASDAQ
ODFL,Old Dominion Freight Line,Industrials,Trucking,,,NASDAQ
PCAR,Paccar,Industrials,Construction Machinery & Heavy Trucks,,,NASDAQ
PANW,Palo Alto Networks,Information Technology,Application Software,,,NASDAQ
PAYX,Paychex,Information Technology,Data Processing & Outsourced Services,,,NASDAQ
PYPL,PayPal,Information Technology,Data Processing & Outsourced Services,,,NASDAQ
PEP,PepsiCo,Consumer Staples,Soft Drinks,,,NASDAQ
PDD,Pinduoduo,Consumer Discretionary,Internet & Direct Marketing Retail,,,NASDAQ
QCOM,Qualcomm,Information Technology,Semiconductors,,,NASDAQ
REGN,Regeneron,Health Care,Biotechnology,,,NASDAQ
RIVN,Rivian,Consumer Discretionary,Automobile Manufacturers,,,NASDAQ
ROST,Ross Stores,Consumer Discretionary,Apparel Retail,,,NASDAQ
SGEN,Seagen,Health Care,Biotechnology,,,NASDAQ
SIRI,Sirius XM,Communication Services,Broadcasting,,,NASDAQ
SBUX,Starbucks,Consumer Discretionary,Restaurants,,,NASDAQ
SNPS,Synopsys,Information Technology,Application Software,,,NASDAQ
TMUS,T-Mobile US,Communication Services,Wireless Telecommunication Services,,,NASDAQ
TSLA,"Tesla, Inc.",Consumer Discretionary,Automobile Manufacturers,,,NASDAQ
TXN,Texas Instruments,Information Technology,Semiconductors,,,NASDAQ
VRSK,Verisk,Industrials,Research & Consulting Services,,,NASDAQ
VRTX,Vertex Pharmaceuticals,Health Care,Biotechnology,,,NASDAQ
WBA,Walgreens Boots Alliance,Consumer Staples,Drug Retail,,,NASDAQ
WBD,Warner Bros. Discovery,Communication Services,Broadcasting,,,NASDAQ
WDAY,"Workday, Inc.",Information Technology,Application Software,,,NASDAQ
XEL,Xcel Energy,Utilities,Multi-Utilities,,,NASDAQ
ZM,Zoom Video Communications,Information Technology,Application Software,,,NASDAQ
ZS,Zscaler,Information Technology,Application Software,,,NASDAQ
